<?xml version="1.0" encoding="UTF-8"?>
<project-private xmlns="http://www.netbeans.org/ns/project-private/1">
    <editor-bookmarks xmlns="http://www.netbeans.org/ns/editor-bookmarks/2" lastBookmarkId="0"/>
    <open-files xmlns="http://www.netbeans.org/ns/projectui-open-files/2">
        <group>
            <file>file:/C:/xampp/htdocs/tickets_system/TicketClass.php</file>
            <file>file:/C:/xampp/htdocs/tickets_system/request.php</file>
            <file>file:/C:/xampp/htdocs/tickets_system/admin/AdminTicketClass.php</file>
            <file>file:/C:/xampp/htdocs/tickets_system/header.php</file>
            <file>file:/C:/xampp/htdocs/tickets_system/admin/index.php</file>
            <file>file:/C:/xampp/htdocs/tickets_system/ticket_success.php</file>
            <file>file:/C:/xampp/htdocs/tickets_system/admin/request.php</file>
            <file>file:/C:/xampp/htdocs/tickets_system/admin/header.php</file>
            <file>file:/C:/xampp/htdocs/tickets_system/open.php</file>
            <file>file:/C:/xampp/htdocs/tickets_system/index.php</file>
            <file>file:/C:/xampp/htdocs/tickets_system/footer.php</file>
        </group>
    </open-files>
</project-private>
